[
	{
		"name": "Bob",
		"jobTitle": "CEO",
		"description": "The CEO is a dynamic and visionary leader, driving strategic initiatives, fostering innovation, and cultivating a high-performance culture within the organization."
	},
	{
		"name": "Pep",
		"jobTitle": "ADMINISTRATOR",
		"description": "The administrator efficiently manages operations, resources, and policies."
	},
	{
		"name": "Max",
		"jobTitle": "SELLER",
		"description": "The seller effectively engages with customers, identifies their needs, and skillfully promotes products or services to drive revenue growth."
	},
	{
		"name": "Susan",
		"jobTitle": "ANALYST",
		"description": "The analyst conducts in-depth research, interprets data, and provides valuable insights to support informed decision-making and strategic planning."
	},
	{
		"name": "Telmo",
		"jobTitle": "COUNTER",
		"description": "The accountant meticulously analyzes financial data, prepares accurate reports, and ensures compliance with regulatory standards."
	}
]