<?xml version="1.0" encoding="UTF-8"?>
<project-private xmlns="http://www.netbeans.org/ns/project-private/1">
    <editor-bookmarks xmlns="http://www.netbeans.org/ns/editor-bookmarks/2" lastBookmarkId="0"/>
    <open-files xmlns="http://www.netbeans.org/ns/projectui-open-files/2">
        <group>
            <file>file:/C:/Users/juanj/Documents/Ciclo%202021-2022/Lenguajes%20de%20programación/Trabajo%20Final%20Python/Valdiviezo_Juan_ProPython/src/MainLauch.py</file>
            <file>file:/C:/Users/juanj/Documents/Ciclo%202021-2022/Lenguajes%20de%20programación/Trabajo%20Final%20Python/Valdiviezo_Juan_ProPython/src/package/controlador/Ctrl.py</file>
            <file>file:/C:/Users/juanj/Documents/Ciclo%202021-2022/Lenguajes%20de%20programación/Trabajo%20Final%20Python/Valdiviezo_Juan_ProPython/src/package/modelo/CtrlPrediccion.py</file>
            <file>file:/C:/Users/juanj/Documents/Ciclo%202021-2022/Lenguajes%20de%20programación/Trabajo%20Final%20Python/Valdiviezo_Juan_ProPython/src/package/modelo/Partido.py</file>
            <file>file:/C:/Users/juanj/Documents/Ciclo%202021-2022/Lenguajes%20de%20programación/Trabajo%20Final%20Python/Valdiviezo_Juan_ProPython/src/package/modelo/CtrlPartido.py</file>
        </group>
    </open-files>
</project-private>
